code,product_name,categories_tags,categories_en,countries_en,ingredients_text,allergens,nutriscore_grade,nova_group,main_category,energy-kcal_100g,fat_100g,saturated-fat_100g,trans-fat_100g,cholesterol_100g,carbohydrates_100g,sugars_100g,fiber_100g,proteins_100g,salt_100g,sodium_100g
0000000290616,Salade Cesar,plant-based-foods-and-beverages|plant-based-foods|fruits-and-vegetables-based-foods|vegetables-based-foods|leaf-vegetables,Plant-based foods and beverages|Plant-based foods|Fruits and vegetables based foods|Vegetables based foods|Leaf vegetables,Canada,laitue|vinaigrette|huile de canola|eau|ail|jaune d'oeuf congele|fromage parmesan|jus de citron concentre|sel|pate d'anchois|assaisonnements|gomme xanthane|fromage parmesan|croutons|farine|farine de ble entier|huile de palme|eau|glucose|fructose|farine de seigle|sel|gluten de ble|caramel|melasse oualite fantaisie|poudre de lactoserum|maltodextrine|carvi|levure|vinaigre|sucre|poudre d'ail|levain de seigle|persil|acide ascorbique|phosphate monocalcique|sulfate d'ammonium|sulfate de calcium|citron,,c,4.0,leaf-vegetables,290.0,12.0,7.0,,0.055999999999999994,23.0,0.0,2.0,22.0,2.16,0.8640000000000001
0000000491228,Entremets Crème Brulée,dairies|desserts|dried-products|dairy-desserts|dried-products-to-be-rehydrated,Dairies|Desserts|Dried products|Dairy desserts|Dried products to be rehydrated,France,sucre|poudre de lait|poudre au beurre|lait|émulsifia|matière grasse végétale hydrogénée|coprah|jaune d'oeuf déshydraté|amidon de manioc|protéines de lait|gélifia carraghénanes|sirop de glucose|arôme|colorants,,b,4.0,dried-products-to-be-rehydrated,,15.3,11.2,,,75.5,69.8,0.1,6.8,0.5,0.2
0000001938067,Chaussons tressés aux pommes,snacks|sweet-snacks|biscuits-and-cakes|viennoiseries|pastries|apple-turnovers,Snacks|Sweet snacks|Biscuits and cakes|Viennoiseries|Pastries|Apple turnovers,Canada,pâte|farine|margarines d'huile de palme et de canola|eau|sucre|sel|lcystéine|essences|garnitu|pommes|eau|sucre|glucosefructose|amidon de maïs modifié|acide citrique|cannelle|sel|chlorure de calcium|benzoate de sodium|sorbate de potassium|sulfites|sucre,,c,4.0,apple-turnovers,260.0,10.7,2.0,0.667,0.00533,38.7,24.7,2.0,3.33,0.647,0.259
0000004302544,Pain Burger Artisan,boulange,boulange,Canada,farine|eau|sel|levure|orge malté,,b,3.0,boulange,278.0,1.11,0.33299999999999996,0.0,0.0,53.3,1.11,2.22,10.0,1.52,0.61
0000005016,Pesto à La Roquette Bio Kazidomi,groceries|sauces|pestos,Groceries|Sauces|Pestos,Belgium|France,rucola à l'huile d'olive vierge extra|rucola|huile d'olive vierge extra|sel|noix de cajou|huile d'olive vierge extra|parmigiano reggiano a|lait|sel|présure|ail|biologiques,en|en,e,3.0,pestos,561.0,53.2,9.6,,,11.7,0.5,1.3,8.2,2.7,1.08
0000005018,Crème d'Artichaut Bio Kazidomi,spreads|salted-spreads|artichoke-spreads,Spreads|Salted spreads|Artichoke spreads,Belgium|France,artichauts|huile d'olive vierge extra|sel|régulateur d'acidité|biologiques,en,d,3.0,artichoke-spreads,268.0,27.4,3.9,,,1.8,0.0,3.5,1.9,2.7,1.08
0000007020254,Root Beer,beverages|carbonated-drinks|sodas|sweetened-beverages|root-beers,Beverages|Carbonated drinks|Sodas|Sweetened beverages|root-beers,France|United States,eau gazéifiée|sirop de maïs à haute teneur en fructose|colorant|caramel|conservateur|arômes naturels et artificiels|moussant,,e,4.0,root-beers,51.0,0.0,0.0,,,14.0,0.0,0.0,0.0,1.0,0.4
0000008237798,Quiche Lorraine,meals|pizzas-pies-and-quiches|quiches|lorraine-quiche,Meals|Pizzas pies and quiches|Quiches|Lorraine quiche,Canada,garniture|substances laitières|jambon|porc|bouillon de legumes|sel|sucre|dextrose|nitrite de sodium|lactate de sodium|erythorbate de sodium|diâcetate de sodiumi|oeuf liquide entier|fromages cheduar et suisse|substances laitieres modifiees|sel|culture bacterienne|enzyme microbien|chlorure de calcium|natamycine|cellulose|oignon|amidon de mais modifie|epices|sel|citrate de sodium|phosphate de sodium|carraghenine|gomme de caroube|croute|farine|shortening d'huile de palme et de canola|eau|dextrose|sel|levure|huile vegetale|lcysteine|propionate de sodium|fromages cheddar et monterey|substances laitieres modifiees|culture bacterienne|sel|enzyme microbien|chlorure de calcium|cellulose|colorant|natamycine|persil seche|contient oeuf|ble|lait|peut contenirz poisson|mollusques|crustaces|noix variees|sesame|moutarde|soya|sulfites,,b,4.0,lorraine-quiche,114.0,6.79,2.86,0.0,0.0107,7.86,0.7140000000000001,0.35700000000000004,5.36,0.499,0.2
0000009125124,Compote de Pomme,plant-based-foods-and-beverages|plant-based-foods|desserts|fruits-and-vegetables-based-foods|fruits-based-foods|dried-products|dried-products-to-be-rehydrated|compotes|apple-compotes,Plant-based foods and beverages|Plant-based foods|Desserts|Fruits and vegetables based foods|Fruits based foods|Dried products|Dried products to be rehydrated|Compotes|Apple compotes,France,flocons de pommes|pomme|amidon de maïs|saccharose|émulsifiant|lécithine de tournesol|sucre,,b,4.0,apple-compotes,377.0,0.5,0.1,,,93.0,66.0,,1.5,0.02,0.008
0000009336247,Bonbons acidulés Raisin Fraise,snacks|sweet-snacks|confectioneries|candies,Snacks|Sweet snacks|Confectioneries|Candies,France,dextrose|sucre|sirop de glucose|acidifiant|acide malique|arômes artificiels|agent d'enrobage|colorants,,d,4.0,candies,400.0,0.0,0.0,,,93.3,93.3,,0.0,0.0,0.0
0000010206515,Pâte à Sucre,snacks|sweet-snacks|confectioneries|cooking-helpers|pastry-helpers|pates-a-sucre|decorations,Snacks|Sweet snacks|Confectioneries|Cooking helpers|Pastry helpers|Pâtes à sucre|decorations,France,sucre|sirop de glucose|huiles et graisses végétales|palme|tournesol|illipé|sirop de sucre inverti|stabilisant|eau|humectant|épaississant|émulsifiant|acidifiant|arôme|conservateur,,d,4.0,decorations,411.0,6.42,3.53,,,87.86,81.67,0.0,0.03,0.1,0.04
0000020424640,Belgische Pralinen,snacks|sweet-snacks|confectioneries|chocolate-candies|bonbons,Snacks|Sweet snacks|Confectioneries|Chocolate candies|Bonbons,Germany,zucker|kakaomasse|kakaobutter|vollmilchpulver|palmöl|karamellzubereitung|glukosesirup|palmöl|zucker|vollmilchpulver|wasser|emulgat lecithine|soja|aroma|speisesalz|glukosefruktosesirup|butterreinfett|marzipan|zucker|mandeln|dextrose|feuchthaltemitt glycerin|sorbit|dextrose|haselnusskerne|stark entöltes kakaopulver|emulgat lecithine|soja|glukosesirup|spirituose|mandeln|pisatazien|aroma|magermilchpulver|kaffee,en|en|en|de,e,4.0,bonbons,,33.3,21.1,,,53.8,51.5,,4.7,0.09,0.036000000000000004
0000027533024,Luxury Christmas Pudding,desserts|puddings|christmas-puddings,Desserts|Puddings|Christmas Puddings,United Kingdom,demerara sugar|sultanas|raisins|bread rusk|fortified wheat flour|wheat flour|calcium carbonate|iron|niacin|thiamin|salt|yeast|cider|currants|sherry|palm oil|cognac|glacé cherries|cherries|glucosefructose syrup|colour|anthocyanins|acidity regulator|citric acid|single cream|from milk|walnuts|almonds|nut|fortified wheat flour|wheat flour|calcium carbonate|iron|niacin|thramin|brandy|rum|treacle|candied citrus peel|glucose syrup|orange peel|sugar|lemon peel|acidity regulator|citric acid|barley malt extract|mixed spice|coriander|cinnamon|cloves|fennel|ginger|nutmeg|cardamom|salt|lemon oil|orange oil,en|en|en,d,4.0,christmas-puddings,,7.0,3.6,,,54.2,44.0,4.7,3.9,0.2,0.08
0000027533048,Luxury Christmas Pudding,snacks|desserts|sweet-snacks|biscuits-and-cakes|cakes|puddings|christmas-puddings,Snacks|Desserts|Sweet snacks|Biscuits and cakes|Cakes|Puddings|Christmas Puddings,United Kingdom,demerara sugar|sultanas|raisins|bread rusk|fortified wheat flour|wheat flour|calcium carbonate|iron|niacin|thiamin|salt|yeast|cider|currants|sherry|palm oil|cognac|glacé cherries|cherries|glucosefructose syrup|colour|anthocyanins|acidity regulator|citric acid|single cream|from milk|walnuts|almonds|nut|fortified wheat flour|wheat flour|calcium carbonate|iron|niacin|thramin|brandy|rum|treacle|candied citrus peel|glucose syrup|orange peel|sugar|lemon peel|acidity regulator|citric acid|barley malt extract|mixed spice|coriander|cinnamon|cloves|fennel|ginger|nutmeg|cardamom|salt|lemon oil|orange oil,en|en|en|en Malt Extract,d,4.0,christmas-puddings,,7.0,3.6,,,54.2,44.0,4.7,3.9,0.199898,0.0799592
0000030053014,Pastille Vichy,snacks|sweet-snacks|confectioneries|candies|bonbons-sans-sucres|pastilles,Snacks|Sweet snacks|Confectioneries|Candies|bonbons-sans-sucres|pastilles,France,édulcorants|sorbitol|aspartame|agent d'enrobage|sels de magnésium d'acides|extraits des eaux de vichy|arôme|consommation excessive peut avoir des effets laxatifs|contient une source de phénylalanine,,c,4.0,pastilles,250.0,0.0,0.0,,,95.0,0.0,0.0,0.0,0.0,0.0
0000040144078,M&M's Peanut Butter,snacks|sweet-snacks|confectioneries|chocolate-candies|bonbons|chocolate-covered-nuts|chocolate-covered-peanuts,Snacks|Sweet snacks|Confectioneries|Chocolate candies|Bonbons|Chocolate covered nuts|Chocolate covered peanuts,France,sucre|arachide|pâte de cacao|lait écrémé en poudre|lactose et protéine de lait|matières grasses végétales|beurre de cacao|beurre concentré|amidon|sirop de glucose|iécithine de soja|gomme arabique|colorant|arôme|sel|huile végétale,en|en|en,e,4.0,chocolate-covered-peanuts,563.0,30.5,18.8,,,51.6,51.6,0.0,0.0,2.23,0.892
0000040608754,"Pepsi, Nouveau goût !",beverages|carbonated-drinks|sodas|colas|sweetened-beverages,Beverages|Carbonated drinks|Sodas|Colas|Sweetened beverages,France,eau gazéifiée|sucre|colorant caramel|acidifiant|acide phosphorique|arômes|dont|extraits naturels de végétaux|caféine,,e,4.0,sweetened-beverages,,0.0,0.0,,,10.4,10.4,0.0,0.0,0.0254,0.010159999999999999
0000050157846,Heinz Squeeze Sauce Salade Cream,groceries|sauces,Groceries|Sauces,France,vinaigre d'alcool|eau|huile de pépins de raisin|sucre|farine de maïs|moutarde|jaune d|oeuf pasteurisé|sel|colorant|riboflavine,en|en,d,4.0,sauces,293.0,23.8,1.8,,,18.5,17.0,,1.3,1.7,0.68
0000087157635,Tomato Ketchup,groceries|sauces|tomato-sauces|ketchup,Groceries|Sauces|Tomato sauces|Ketchup,France,tomates|pour de tomato ketchup|vinaigre|sucre|sel|extraits d'épices et d'herbes|contiennent du céleri|épice,en,d,3.0,ketchup,102.0,0.1,0.1,,,23.2,22.8,,1.2,1.8,0.72
0000087177756,7Up,plant-based-foods-and-beverages|beverages|plant-based-beverages|carbonated-drinks|fruit-based-beverages|sodas|fruit-sodas|lemon-soft-drinks|sweetened-beverages,Plant-based foods and beverages|Beverages|Plant-based beverages|Carbonated drinks|Fruit-based beverages|Sodas|Fruit sodas|Lemon soft drinks|Sweetened beverages,France,eau gazéifiée|sucre|acidifiants|acide citrique|acide malique|arômes|extraits naturels de citron et de citron vert|correcteur d'acidité|citrate de sodium,,e,4.0,sweetened-beverages,,0.0,0.0,,,10.4,10.4,,0.0,0.1,0.04
000010,Madeleines nature,snacks|desserts|sweet-snacks|biscuits-and-cakes|cakes|madeleines,Snacks|Desserts|Sweet snacks|Biscuits and cakes|Cakes|Madeleines,France,farine de blé|huile de colza|sucre|oeufs frais|sirop de glucosefructose|stabilisant|glycérol|poudres à lever|carbonates d'ammonium|carbonates de sodium|diphosphates|blé|sel|émulsifiants|mono et diglycérides d'acides gras|lait écrémé en poudre|arôme,en|en|en,d,4.0,madeleines,,23.0,2.5,,,55.0,26.0,1.5,6.0,0.68,0.272
000015,Madeleines ChocoLait,biscuits-and-cakes|cakes|chocolate-cakes|madeleines|chocolate-madeleines,Biscuits and cakes|Cakes|Chocolate cakes|Madeleines|Chocolate madeleines,France,farine de blé|sucre|huile de colza|oeufs frais|sirop de glucosefructose|beurre de cacao|lait entier en poudre|stabilisant|glycérol|pâte de cacao|poudres à lev carbonates d'ammonium carbonates de sodium diphosphates|blé|émulsifiants|mono et diglycérides d'acides gras lécithines|soja|sel|lait écrémé en poudre|arômes,,d,4.0,chocolate-madeleines,472.0,25.0,6.0,,,55.0,31.0,1.6,6.0,0.58,0.23199999999999998
000030,Cakes Raisins,snacks|sweet-snacks|biscuits-and-cakes|cakes|fruit-cakes|cakes-aux-raisins,Snacks|Sweet snacks|Biscuits and cakes|Cakes|Fruit cakes|cakes-aux-raisins,France,farine de blé|oeufs frais|huile de colza|sucre|raisins secs|raisins|huile de colza|dextrose|sirop de glucosefructose|stabilisant|glycérol|poudres à lever|carbonates d|ammonium carbonates de sodium diphosphates|blé|sel|lait écrémé en poudre|émulsifiants|mono et diglycérides d|acides gras|arôme naturel d'orange,en|en|en,d,4.0,cakes-aux-raisins,,19.0,2.5,,,56.0,28.0,1.8,5.8,0.65,0.26
000031,Cakes aux Fruits,snacks|desserts|sweet-snacks|biscuits-and-cakes|cakes|pastries|fruit-cakes,Snacks|Desserts|Sweet snacks|Biscuits and cakes|Cakes|Pastries|Fruit cakes,France,fruits|fruits confits|fruits|pastèque|bigarreaux|écorce d|orange|sirop de glucosefructose|sucre|conservateurs|sorbate de potassium anhydride sulfureux|colorants|caramel ordinaire|correcteur d|acidité|acide citrique|raisins secs au rhum|farine de blé|huile de colza|oeufs frais|sucre|sirop de glucosefructose|stabilisant|glycérol|poudres à lever|carbonates d|ammonium carbonates de sodium diphosphates|blé|sel|émulsifiants|mono et diglycérides d|acides gras|lait écrémé en poudre|arôme naturel d|orange,,d,4.0,fruit-cakes,,15.0,2.0,,,60.0,34.0,1.5,4.9,0.6,0.24
000039365,Pure Whey Protein Berries & Cream,dietary-supplements|bodybuilding-supplements|protein-powders,Dietary supplements|Bodybuilding supplements|Protein powders,France,concentré de protéine de lait non dénaturée|arôme|fruits rouges|crème|stabilisant|gomme xanthane|colorant naturel|rouge betterave|édulcorant|sucralose|agent d'instantanéisation|lécithine de soja,en|en,d,4.0,protein-powders,417.0,8.33,5.0,,,8.67,8.67,0.33299999999999996,76.3,0.37,0.14800000000000002
000039681,Pure Whey Protein™ Chocolate Peanut,dietary-supplements|bodybuilding-supplements|protein-powders,Dietary supplements|Bodybuilding supplements|Protein powders,France,concentré de protéine de lactosérum non dénaturée|lait|lécithine de soja|poudre de cacao|arôme|chocolat cacahuète|stabilisant|gomme xanthane|édulcorant|sucralose|agent d'instantanéisation|lécithine de soja,en|en,d,4.0,protein-powders,417.0,7.5,5.0,,,10.0,10.0,0.4,75.0,0.35100000000000003,0.1404
00004714,piadina romagnola alla riminese all'olio extra vergine di oliva,piadina,piadina,Italy,farina di grano tenero tipc|quot|quot|acqua|olio extra vergine di oliva|sale iodato|agenti lievitan carbonato acido di sodio|difosfato disodico|amido di mais|può contenere tracce di latte e prodotti a base soia|confezionato in atmosfera protettiva e trattato con alcol etilico,,d,4.0,piadina,304.0,7.01,2.48,,,52.2,1.62,1.88,7.09,1.62,0.65
000050,Financiers aux Amandes,biscuits-and-cakes|cakes|financiers|patisseries-fondantes-a-la-poudre-d-amande,Biscuits and cakes|Cakes|Financiers|patisseries-fondantes-a-la-poudre-d-amande,France,sucre|blanc d|oeufs frais|poudre d|amande|beurre concentré|farine de blé|oeufs frais|sirop de glucosefructose|stabilisant|glycérol|sel|poudres à lever|carbonates de sodium diphosphates|blé|arôme,en|en|en|en,e,4.0,patisseries-fondantes-a-la-poudre-d-amande,446.0,23.0,10.0,,,51.0,39.0,1.7,8.0,0.55,0.22
00005006,Sauce Tomate Aux Champignons Bio Kazidomi,groceries|sauces|tomato-sauces,Groceries|Sauces|Tomato sauces,Belgium|France,purée de tomates|huile d|olive vierge extra|cèpes|carottes|céleri|oignons|sel|persil|basilic|issus de l'agriculture biologique,en,a,3.0,tomato-sauces,51.0,2.3,0.4,,,4.8,4.0,1.6,1.7,0.7,0.28
00005007,Sauce Tomate Puttanesca Bio Kazidomi,groceries|sauces|tomato-sauces|puttanesca-sauce|tomate-sauces|puttanesca|sauce-italienne,Groceries|Sauces|Tomato sauces|Puttanesca-sauce|Tomate-sauces|puttanesca|sauce-italienne,Belgium|France,purée de tomates|olives|huile d|olive vierge extra|câpres|ail|poivre noir|issus de l'agriculture biologique,en,a,3.0,sauce-italienne,75.0,5.2,0.8,,,4.3,3.8,1.7,1.5,0.2,0.08
00005008,Sauce Tomate Aux Courgettes Bio Kazidomi,groceries|sauces|tomato-sauces,Groceries|Sauces|Tomato sauces,Belgium|France,purée de tomates|courgettes|huile d|olive extra vierge|oignons|carottes|céleri|sel|poivre noir|issus de l'agriculture biologique,en,a,3.0,tomato-sauces,56.0,3.2,1.0,,,4.2,4.0,2.0,1.5,0.7,0.28
00005009,Sauce Tomate Au Thon & Olives Bio Kazidomi,groceries|sauces|tomato-sauces|tomato-sauces-with-olives,Groceries|Sauces|Tomato sauces|Tomato sauces with olives,Belgium|France,purée de tomates|thon|olives|huile d|olive extra vierge|oignons|sel|persil|issus de l'agriculture biologique,en,a,3.0,tomato-sauces-with-olives,64.0,3.7,1.0,,,4.1,3.8,2.0,2.5,0.7,0.28
00005011,Sauce tomate aux légumes bio Kazidomi,groceries|sauces|tomato-sauces|vegetable-sauces,Groceries|Sauces|Tomato sauces|Vegetable sauces,Belgium|France,purée de tomates|carottes|huile d'olive extra vierge|oignons|courgettes|aubergines|céleri|basilic|sel|issus de l'agriculture biologique,en,a,3.0,vegetable-sauces,62.0,3.9,1.0,,,4.2,4.0,2.0,1.4,0.01,0.004
000051,Fondants Citron,snacks|desserts|sweet-snacks|biscuits-and-cakes|cakes|pastries|lemon-cake,Snacks|Desserts|Sweet snacks|Biscuits and cakes|Cakes|Pastries|Lemon cake,France,sucre|blanc d|oeufs frais|poudre d|amande|beurre pâtissier|farine de blé|pépites au citron|sucre|pomme|pulpe de citron|dextrose|fibres d|ananas|gélifiant|alginate de sodium|correcteurs d|acidité|acide citrique citrates de potassium|stabilisant|phosphates de calcium|arôme naturel de citron|colorant|curcumine|oeufs frais|sirop de glucosefructose|stabilisant|glycérol|poudre de citron|équivalent à|de jus de citron|jus concentré de citron|maltodextrine|sel|poudres à lever|carbonates de sodium diphosphates|blé|arôme naturel de citron|exprimé sur les pépites équivalent à|sur l|ensemble du produit,en|en|en|en,e,4.0,lemon-cake,,24.0,10.0,,,50.0,37.0,2.5,8.1,0.78,0.312
000057820,Dextrose & Maltodextrine mixed berry,sweeteners|sugars|dextrose|maltodextrine,Sweeteners|Sugars|dextrose|maltodextrine,France,dextrose|maltodextrine|arôme|fruits rouges|colorant|rouge betterave|acide citrique,,d,4.0,maltodextrine,400.0,0.0,0.0,,,100.0,50.0,0.0,0.0,0.0,0.0
0000790310013,Sour Fruit Gummies,snacks|sweet-snacks|confectioneries|candies,Snacks|Sweet snacks|Confectioneries|Candies,Germany,sugar|corn syrup|white grape juice from concentrate|gelatin|citric acid|tartaric acid|fumaric acid|sorbitol|natural|artificial flavours|silicon dioxide|anticaking agent|artificial colours|c red|yellow|blue|yellow,,d,4.0,candies,325.0,0.0,0.0,,,75.0,57.5,0.0,5.0,0.127,0.0508
0000790310020,Jelly Fish,snacks|sweet-snacks|confectioneries|candies,Snacks|Sweet snacks|Confectioneries|Candies,Germany,sugar|corn syrup|modified corn starch|citrict acid|sodium citrate|natural|artificial flavours|mineral oil|carnauba wax|red|yellow|yellow|blue,,c,4.0,candies,140.0,0.0,0.0,,,34.0,24.0,0.0,0.0,0.0762,0.03048
0001006530676,Ajo picado Del Monte,canned-foods,Canned foods,Mexico,agua|ajo|ácido fosfórico|goma xantana y goma guar,,b,4.0,canned-foods,,0.0,0.0,,,0.0,0.0,0.0,0.0,0.593,0.237
000104,30 Panach' Fruits,snacks|sweet-snacks|biscuits-and-cakes|cakes|gouters-individuels,Snacks|Sweet snacks|Biscuits and cakes|Cakes|gouters-individuels,France,pâtisseries fourrées à la pulpe de pêche|farine de blé|fourrage pêche|sirop de glucosefructose|purée de pêche|sucre|gélifiant|pectines|correcteurs d|acidité|acide citrique citrates de sodium|arômes|conservateur|sorbate de potassium|huile de colza|oeufs frais|sucre|sirop de glucosefructose|stabilisant|glycérol|poudres à lever|carbonates d|ammonium carbonates de sodium diphosphates|blé|sel|lait écrémé en poudre|émulsifiants|mono et diglycérides d|acides gras|arôme|exprimé sur le fourrage équivalent à|sur l|ensemble du produit|pâtisseries fourrées à la pulpe d'abricot|farine de blé|fourrage abricot|sirop de glucosefructose|purée d'abricot|sucre|gélifiant|pectines|correcteurs d|acidité|acide citrique citrates de sodium|arômes|conservateur|sorbate de potassium|huile de colza|oeufs frais|sucre|sirop de glucosefructose|stabilisant|glycérol|poudres à lever|carbonates d|ammonium carbonates de sodium diphosphates|blé|sel|lait écrémé en poudre|émulsifiants|mono et diglycérides d|acides gras|arôme|exprimé sur le fourrage équivalent à|sur l|ensemble du produit|pâtisseries fourrées à la pulpe de fruits rouges|farine de blé|fourrage fruits rouges|sirop de glucosefructose|purée de fraise|sucre|purée de framboise concentrée|équivalent à|de purée de framboise|purée de cerise concentrée|équivalent à|de purée de cerise|gélifiant|pectines|correcteurs d|acidité|acide citrique citrates de sodium|arôme|conservateur|sorbate de potassium|huile de colza|oeufs frais|sucre|sirop de glucosefructose|stabilisant|glycérol|poudres à lever|carbonates d|ammonium carbonates de sodium diphosphates|blé|sel|lait écrémé en poudre|émulsifiants|mono et diglycérides d|acides gras|arôme|soit un équivalent de|de purée de fruits sur le fourrage équivalent à|sur l|ensemble du produit,,c,4.0,gouters-individuels,412.0,18.0,2.0,,,57.0,31.0,1.0,5.0,0.63,0.252
00010498,Burger USA,plant-based-foods-and-beverages|plant-based-foods|cereals-and-potatoes|sandwiches|breads|hamburgers|special-breads,Plant-based foods and beverages|Plant-based foods|Cereals and potatoes|Sandwiches|Breads|Hamburgers|Special breads,France,pain burger au pavot|farine de ble|eau|levure|dextrose|huile de olza|sucre|arôme|graines de pavot|sarrasin|sel|gluten de ble|farine de fèves|conservateur|propionate de calcium|émulsifiant|mono et diglycerides gras|antioxydant|acide ascorbique|garniture|aiguillettes de poulet pané|aiguillettes poulet|farine de ble|eau|huile de tournesol|sel|amidon modifié|arôme|lactose|gluten|stabilisants|eili|levure|épaississant|fromage cheddar|fromages|dont cheddar|lait écrémé réhydraté|beurre|sels de fonte|citrates de sodium|acide citrique protéines de lait|sel colorant|extrait de paprika|antiagglomérant|lécithine de tourneso|guacamole|avocat hass|poivron rouge sel|piment jalapeno|antioxygène|acide ascorbique|oignon|épaississant|gomme de xanthane|acidifiant|ascorbate de sodium|ail|acidifiant|acide citrique|coriandre|salade batavia|tomate,en|en,b,4.0,special-breads,209.0,8.3,3.0,,,22.6,3.2,2.1,9.9,1.2,0.48
00011021096,Foie gras de canard du Périgord,fish-and-meat-and-eggs|foies-gras|foies-gras-from-ducks,Fish and meat and eggs|Foies gras|Foies gras from ducks,France,foie gras de canard du périgord|eau|armagnac|sel|poivre,,e,3.0,foies-gras-from-ducks,544.0,56.0,23.0,,,23.0,0.6,,7.1,1.9,0.76
00011136,Baguette Parisien,sandwiches|sandwiches-filled-with-cold-cuts|ham-sandwiches,Sandwiches|Sandwiches filled with cold cuts|Ham sandwiches,France,pain baguette|farine de froment|eau|levure|sel|garniture|jambon|jambon de porc|origine france|eau|sel|arômes naturels|dextrose|bouillon de porc déshydraté|eau|os et viande de porc|extrait de carotte et extrait de poireau|sirop de glucose|chlorure de potassium|antioxydant|ascorbate de sodium|conservate nitrite de sodium|beurre léger|eau|beurre|amidon modifié|amidon de pomme de terre|acidifia acide lactique|sel|émulsifia|épaississant e|conservateur|sorbate de potassium|colorant bétacarotène|arome naturel|exprimés sur garniture,,c,4.0,ham-sandwiches,222.0,3.3,2.1,,,38.4,1.8,2.0,11.7,1.7,0.68
00011150,Baguette Lyonnais,sandwiches|sandwiches-filled-with-cold-cuts|rosette-sandwiches,Sandwiches|Sandwiches filled with cold cuts|Rosette Sandwiches,France,pain baguette|farine de froment|eau|levure|sel|garniture|rosette|viande de porc|origine ue|sel|lactose|dextrose|épices|ail|antioxydant|érythorbate de sodium|conservateu nitrate de potassium|nitrite de sodium|ferments|beurre léger|eau|beurre|amidon modifie|amidon de pomme de terre|acidifia acide lactique|sel|émulsifia|épaississant e|conservateur|sorbate de potassium|colora bétacarotène|arôme naturel,,d,4.0,rosette-sandwiches,283.0,8.8,4.2,,,41.2,2.2,2.1,12.1,2.6,1.04
00011198,Suédois Poulet,sandwiches|poultry-sandwiches,Sandwiches|Poultry sandwiches,France,farine de ble|eau|farine de seigle|sucre|sirop de sucre|huile de colza|gluten de ble|sel|levure|levain en poudre|émulsifiants|poudre à lever|fructose|farine de malt d'orge|agent de traitement des farines|enzymes|garniture|salade verte|filet de poulet rôti|filet de poulet|origine france|eau|dextrose|huile de tournesol|sel|protéines de pois|arômes|stabilisant|fibre de blé sans gluten|gélifiant|carottes räpées|mayonnaise|huile de colza|eau|vinaigre|jaune d'oeuf|moutarde de dijon|eau|graine de moutarde|vinaigre|sel|antioxydant disulfite de potassium|acidifia acide oltrique,,a,4.0,poultry-sandwiches,210.0,0.9,0.9,,,22.6,4.3,2.0,8.0,0.8,0.32
00011501,Curiously Strong Mints,snacks|sweet-snacks|confectioneries|chocolate-candies|bonbons,Snacks|Sweet snacks|Confectioneries|Chocolate candies|Bonbons,France|United Kingdom,sugar|dextrose|glucose|peppermint flavouring|gelling age beef gelatine|menthol,,d,4.0,bonbons,398.0,0.5,0.5,,,96.0,96.0,0.1,0.9,0.0,0.0
00011679,Cookies Belgian chocolate chunk,snacks|sweet-snacks|biscuits-and-cakes|biscuits|chocolate-biscuits,Snacks|Sweet snacks|Biscuits and cakes|Biscuits|Chocolate biscuits,France,wheatflour contains gluten|with wheatflour|calcium carbonate|iron|niacin|thiamin|dark chocolate chunks|sugar|cocoa mass|cocoa butter|emulsifi soya lecithin|vanilla flavouring|sugar|butter|milk|milk chocolate chunks|sugar|dried whole milk|cocoa butter|cocoa mass|ü noulsifi soya lecithin|vanilla flavouring|raising age|sodium bicarbonate|salt|vanilla flavouring|dark chocolate contains cocoa solids|minimum|milk chocolate contains cocoa solids|minimum|milk solids|minimum,en,e,4.0,chocolate-biscuits,502.0,26.0,15.2,,,60.1,37.4,2.8,5.4,0.9,0.36
00011686,All Butter Sultana Cookies,snacks|sweet-snacks|biscuits-and-cakes|biscuits|drop-cookies|raisin-cookies,Snacks|Sweet snacks|Biscuits and cakes|Biscuits|Drop cookies|Raisin cookies,France,farine de blé contient gluten|avec farine de blé|carbonate de calcium|fer|niacine|thiamine|sucre beurre|lait|raisins de smyrne|sirop de glucose lait en poudre écrémé poudre à lev|bicarbonate de soude|sel,en|en,e,4.0,raisin-cookies,446.0,17.9,11.0,,,64.3,34.7,3.0,5.5,0.8500000000000011,0.34
00011693,All Butter Belgian White Chocolate Chunk Cookies,snacks|sweet-snacks|biscuits-and-cakes|biscuits|chocolate-biscuits,Snacks|Sweet snacks|Biscuits and cakes|Biscuits|Chocolate biscuits,France|United Kingdom,morceaux de chocolat blanc|sucre lait en poudre entier beurre de cacao lait en poudre écrémé émulsifiant|lécithine de soja|arôme vanille|farine de blé|avec farine de blé|carbonate de calcium|fer|niacine|thiamine|beurre|sucre fécule de maïs poudre à lev|bicarbonate de soude|sirop de sucre inverti sel,en|en|en,e,4.0,chocolate-biscuits,519.0,29.1,17.0,,,58.4,33.5,1.3,5.5,1.0,0.4
00011709,All Butter Fruity Flapjack Cookies,snacks|sweet-snacks|biscuits-and-cakes|biscuits|drop-cookies|oatmeal-cookies|raisin-cookies,Snacks|Sweet snacks|Biscuits and cakes|Biscuits|Drop cookies|Oatmeal cookies|Raisin cookies,France|United Kingdom,sucre|beurre|lait|flocons d'avoine|contient du gluten|farine de blé|contient du gluten|avec du blé|du carbonate de calcium|du fer|de la niacine|de la thiamine|raisins secs|noix de coco desséchée|abricots séchés|abricots|farine de riz|conservate|sulfites|golden syrup|sirop de sucre inverti|oeufs pasteurisés|agent de leva bicarbonate de sodium|sel|mélasse,en|en|en|en-dioxide-and-sulphites|fr,e,4.0,raisin-cookies,451.0,20.5,13.3,,,59.3,36.5,4.2,5.1,0.7799999999999989,0.312
00011730,Cranberry & Orange Cookies,snacks|sweet-snacks|biscuits-and-cakes|biscuits,Snacks|Sweet snacks|Biscuits and cakes|Biscuits,France|United Kingdom,wheatflour contains gluten|with wheatflour|calcium carbonate|iron|niacin|thiamin|sweetened dried cranberries|sugar|cranberries|antioxida citric acid|sunflower oil|sugar|butter|milk|glucose syrup|cornflour|dried skimmed milk|raising age|sodium bicarbonate|salt|orange flavouring,en|en|en,e,4.0,biscuits,430.0,15.2,8.6,,,67.5,41.2,2.7,4.4,0.75,0.3
00011754,Cookies Stem Ginger,snacks|sweet-snacks|biscuits-and-cakes|biscuits|oatmeal-cookies,Snacks|Sweet snacks|Biscuits and cakes|Biscuits|Oatmeal cookies,Belgium|France|Netherlands|United Kingdom,farine de blé contient gluten|avec farine de blé|carbonate de calcium|fer|niacine|thiamine|beurre|lait|gingembre confit cristallisé|gingembre confit|sucre|sucre flocons d'avoine|contiennent gluten|sirop de sucre inverti gingembre moulu poudre à lev|bicarbonate de soude|lait en poudre écrémé sel,en|en|fr,e,4.0,oatmeal-cookies,473.0,20.8,13.7,,,63.6,31.8,3.3,6.1,0.58,0.23199999999999998
00011778,Stem Ginger Cookies,snacks|sweet-snacks|biscuits-and-cakes|biscuits,Snacks|Sweet snacks|Biscuits and cakes|Biscuits,Belgium|France|Netherlands|United Kingdom,farine de blé contient gluten|avec farine de blé|carbonate de calcium|fer|niacine|thiamine|sucre|gingembre confit cristallisé|gingembre|sucre de canne|beurre|lait|flocons d'avoine|contient gluten|avoine grossièrement moulue|contient gluten|fécule de maïs|lait en poudre écrémé|émulsifia lécithine de soja|poudre à lever|bicarbonate de soude|sirop de sucre inverti|gingembre moulu|sel,en|en|en|fr|fr,e,4.0,biscuits,,13.3,7.0,,,70.2,35.7,2.5,6.1,0.83,0.332
00011815,Stem Ginger Dunkers,snacks|sweet-snacks|biscuits-and-cakes|biscuits|oatmeal-cookies,Snacks|Sweet snacks|Biscuits and cakes|Biscuits|Oatmeal cookies,France|United Kingdom,farine de blé contient gluten|avec farine de blé|carbonate de calcium|fer|niacine|thiamine|beurre|lait|gingembre confit cristallisé|gingembre confit|sucre|sucre|flocons d'avoine|contiennent gluten|sirop de sucre inverti|gingembre moulu|poudre à lever|bicarbonate de soude|lait en poudre écrémé|sel,en|en|fr,e,4.0,oatmeal-cookies,,20.8,13.7,,,63.6,31.8,3.3,6.1,0.570000000000001,0.228
00012140,Salade végétarienne,salade-vegetarienne,salade-vegetarienne,France,salade verte|concombre|taboule|semoule de ble dur réhydratée|légumes|poivrons rouges et verts|tomates|tomates déshydratées|huile de colza|raisins secs|enrobage huile de colza|vinaigre d'alcool|huile d'olive vierge extra|sel|mentbe|jus de citron concentré|sucre|conservateur|arôme|mais|tomate cerise|oeuf dur|carottes râpées,,a,3.0,salade-vegetarienne,60.2,1.9,0.3,,,7.4,2.2,1.5,2.0,0.3,0.12
00012188,Club Crudités,sandwiches|raw-vegetable-sandwiches,Sandwiches|Raw-vegetable-sandwiches,France,pain de mie complet|farine complète de ble|eau|farine de ble|huile de colza|dextrose|sucre|sel|gluten de ble|arôme|contient alcool|levure|vinaigre|conservate propionate de calcium|émulsifiant|mono et diglycérides d'acides gras|antioxydant|acide ascorbique|garniture|oeuf dur|carottes râpées|emmental en tranche|lait de vache|sel|ferments lactiques|coagulant|mayonnaise|huile de colza|eau|vinaigre|jaune d'oeuf frais|moutarde de dijon|eau|graine de moutarde|vinaigre|sel|antioxydant disulfite de potassium|acidifiant|acide citrique|sel|sucre|amidon modifié épaississant gomme xanthane|acidifiant|antioxydant|colorants|lutéine et extrait de paprika|arômes|salade batavia,,a,4.0,raw-vegetable-sandwiches,254.0,14.4,3.2,,,20.4,3.0,4.3,8.6,0.9,0.36
00012249,Salade Grecque,meals|salads|prepared-salads,Meals|Salads|Prepared salads,France,salade grecque salade verte|dès de brebis|lait pasteurisé de brebis|sel|ferments lactiques|enzyme coagulante|chlorure de calcium|concombre|poivrons|tomate cerise|olives noires,,c,3.0,prepared-salads,93.4,7.1,4.8,,,1.8,1.2,1.0,5.1,0.6,0.24
00012263,Baguette Poulet,sandwiches|poultry-sandwiches,Sandwiches|Poultry sandwiches,France,pain baguette|farine de froment|eau|levure|sel|garniture|emincé de poulet rôti|filet de poulet|origine ue|eau|acidifia lactate de potassium et acétate de sodium|amidon modifié de manioc|sel|dextrose et sirop de glucose|arômes|gélifiants antioxydant|érythorbate de sodium|colorant caramel|tomate|salade verte|mayonnais|huile de colza|eau|vinaigre|jaune d'oeuf trais|moutarde de dijon|eau|graine de moutarde|vinaigre|sel|antioxydant|disulfite de potassium|acidifiant|acide citrique|sel|sucre|amidon modifié|épaississa gomme xanthane|acidifia|antioxyda|colorants|lutéine et extrait de paprika|aromes|oignons frits|oignons|huile de palme|farine de ble|sel|exprimés sur le garniture,,a,4.0,poultry-sandwiches,243.0,9.8,2.5,,,31.4,2.9,1.8,8.7,1.3,0.52
00012317,Club Turkey Bacon,sandwiches|raw-vegetable-sandwiches,Sandwiches|Raw-vegetable-sandwiches,France,pain de mie complet|farine complète de ble|eau|farine de ble|huile de colza|dextrose|sucre|sel|gluten de ble|arôme|contient alcool|levure|vinaigre|conservateur|propionate de calcium|émulsifiant|mono et diglycérides d'acides gras|antioxydant|acide ascorbique|garniture|blanc de volaille|filet de dinde|origine france|salaison|eau|sel|arômes|dextrose et sirop de glucose|gélifiant|algues euchémas transformées|poivre|extrait de levures|dont orge|arôme naturel de romarin|conservateur|nitrite de sodium|colorant|de caramel|tomate|salade batavia|bacon fumé|carré de porc|origine france|eau|sel acidifiant|acétate de sodium|antioxydant|érythorbate de sodium|conservateur|nitrite de sodium|cheddar râpé|lait de vache pasteurisé|sel|ferments lactiques|coagulant|colorant|antiagglomérant|cellulose|sauce pommes frites|huile de colza|lait écrémé reconstitué|vinaigre|sucre|eau|amidon modifié|jaune d'oeuf|sel|moutarde de dijon|eau|graine de moutarde|vinaigre|sel|antioxydant|disulfite de potassium|acidifliant|acide citrique|oignon|persil|acidifiant|acide lactique|jus de citron concentré|conservateur|sorbate de potassium|épaississant comme xanthane|arômes|antioxydant|exprimés sur la garniture,,a,4.0,raw-vegetable-sandwiches,190.0,6.6,1.9,,,19.9,3.1,4.0,10.5,1.3,0.52
000127,Vegavero Liver Active Complex,dietary-supplements,Dietary supplements,France,lcholinebitartrate|extrait de racine de chicorée de bruxelles|cichorium intybus l|sativum|enveloppe de la capsule|hydroxypropylméthycellulose|extrait de coeur et de pétale d'artichaut|cynara scolymus|extrait de racine de pissenlit|taraxacum officinale|extrait de rhizome de curcuma|curcuma longa|dont|de curcuminoïdes,,b,,dietary-supplements,,1.43,0.04,,,45.11,11.06,,26.76,0.03,0.012
00013000,Salade fermière,meals|salads|prepared-salads,Meals|Salads|Prepared salads,France,salade verte|dès de jambon|jambon de porc|origine ue|eau|sel|sirop de giucose|stabilisants|arômes naturels|conservateurs|dès d'emmental|lait pasteurisé de vache|sel|ferments lactiques|coagulant|chlorure de calcium|croutons à l'ail|farine de ble|huile de toueneseol|arôme naturel d'ail|gluten de ble|sel|sucre|levure|tomate ceríse|ceuf dur,,b,4.0,prepared-salads,139.0,6.8,3.8,,,7.6,1.4,1.2,10.8,0.8,0.32
00013932,Salade Niçoise,meals|salads|meals-with-fish|prepared-salads|tuna-salad,Meals|Salads|Meals with fish|Prepared salads|Tuna salad,France,salade verte|haricots verts|thon au naturel|thon|eau|sel|tomate cerise|oeuf dur|olives noires,,a,3.0,tuna-salad,41.0,1.2,0.3,,,2.2,0.9,1.6,4.5,0.2,0.08
00014502,Baguette Niçois,sandwiches|fish-sandwiches|tuna-sandwiches,Sandwiches|Fish sandwiches|Tuna sandwiches,France,pain baguette|farine de froment|eau|levure|sel|garniture|thon au naturel|thon|eau|sel|tomate|oeuf dur|salade verte|mayonnaise|huile de colza|eau|vinaigre|jaune d'oeuf frais|moutarde de dijon|eau|graine de moutarde|vinaigre|sel|antioxydant|disulfite de potassium|acidifiant|acide citrique|sel|sucre|amidon modifié|épaississa gomme xanthane|acidifiant|antioxydant|colorants|lutéine et extrait de paprika|arômes|ciboulette,,a,4.0,tuna-sandwiches,197.0,6.6,0.9,,,26.1,1.7,1.6,9.9,1.1,0.44
00014519,Salade Bergerac,meals|salads|prepared-salads,Meals|Salads|Prepared salads,France,haricots verts|salade mesclun|carottes râpées|magret de canard fumé|magret de canard|origine france|sel|ferments lactiques|conservateur|nitrite de sodium|antioxygène|ascorbate de sodium|dés d'emmental|lait pasteurisé de vache|sel ferments lactiques|coagulant|chlorure de calcium|cerneaux de noix,,b,3.0,prepared-salads,141.0,10.1,3.2,,,4.2,1.9,2.5,6.6,0.5,0.2
00014915,Ciabatta Rôti de porc BBQ,sandwich-au-roti-de-porc,sandwich-au-roti-de-porc,France,pain ciabatta|farine|ble|orge malté torréfié|ble malté|eau|huiles et graisses végétales|huile d'olive vierge extra|gluten de ble|sel|levure|levain de seigle désactivé|ferments|agent de traitement de la farine|acide ascorbique|garniture|rôti de porc|viande de porc|forigine france|set|arôme naturel|poivre blanc|ail|dour vous sauce barbecué|purée de tomates miréduite|sucre|vinaigre|sirop de glucose|sel|amidon moditié|ail|aröme de fumée|contient gluten|dolorant|caramel|acidifiant|acide citrique|conservate sörbate de potassium|épices|poivrons rouges|oignons rouges|tomate|salade batavia|exprimés sur la garniture,,a,4.0,sandwich-au-roti-de-porc,176.0,2.8,0.7,,,28.2,4.0,1.3,8.4,1.0,0.4
00015011,Ciabatta Vietnamien,sandwiches|poultry-sandwiches,Sandwiches|Poultry sandwiches,France,pain ciabatta|farine|ble|orge malté torréfié|ble malté|eau|huiles et graisses végétales|huile d'olive vierge extra|gluten de ble|sel|levure|levain de seigle désactivé|ferments|agent de traitement de la farine|acide ascorbique|garniture|filet de poulet rộti|filet de poulet|origine france|eau|dextrose|huile de tournesol|sel|protéines de pois|arômes|stabilisant|fibre de blé sans gluten|gélifiant|concombre|carottes rapées|salade batavia|coriandre fraiche|sauce teriaki|sauce soja|eau|graines de soja|ble|sel|alcool|sucre|eau|amidon modifié de maïs|purée d'oignon|vinaigre d'alcool|jus de pomme concentré|poudre d'ail|jus de citron concentré|coriandre fraîche|exprimés sur la garniture,,a,4.0,poultry-sandwiches,156.0,1.7,0.3,,,25.8,2.2,1.4,8.1,1.0,0.4
00015080,Salade verte,salads,Salads,France,salade verte|tomate cerise,,a,1.0,salads,14.6,0.1,0.0,,,1.7,1.1,1.3,1.0,0.0,0.0
00015509,baguette Poitevin,sandwiches|cheese-sandwiches|goat-cheese-sandwiches,Sandwiches|Cheese sandwiches|Goat cheese sandwiches,France,pain baguette|farine de froment|eau|levure|sel|garniture|fromage de chevre|lait de chèvre pasteurisé|sel|ferments lactiques et fongiques|coagulant|tomate|salade verte|huile d'olive|exprimés sur le garniture,,c,3.0,goat-cheese-sandwiches,213.0,5.9,3.7,,,32.1,2.0,1.9,9.5,1.3,0.52
00015769,Salade Crous Bowl,meals|salads|prepared-salads,Meals|Salads|Prepared salads,France,salade mélangée|salade quinoa boulgour cranberry|boulgour de ble réhydraté|eau|ble dur précuit|quinoa cuit|tomate|huile de colza|concombre|courgette|cranberries|cranberries|sucre|huile de tournesol|raisin golden|agent d'enrobage|huile de tournesol|jus concentré de citron|menthe|vinaigre d'alcool|sel|persil|ail|conservateur|piment doux|pomme|chou rouge émincé|carottes râpées|noix de cajou grillées|radis,,a,4.0,prepared-salads,107.0,5.2,0.7,,,11.5,5.1,2.3,2.3,0.4,0.16
00016063,"Pilgrim joe's, clam chowder a condensed soup",canned-foods|meals|soups|canned-meals|canned-soups|chowders,Canned foods|Meals|Soups|Canned meals|Canned soups|Chowders,France|United States,sea clams|sea clam juice|potatoes|wheat flour|modified corn starch|salt|soybean oil|onions|natural clam flavor|celery|xanthan gum|black pepper,,c,4.0,chowders,66.0,1.64,0.0,0.0,0.008,9.02,0.82,0.8,4.1,1.23,0.49200000000000005
0002000000288,Melange Rando,plant-based-foods-and-beverages|plant-based-foods|fruits-and-vegetables-based-foods|fruits-based-foods|dried-products|dried-plant-based-foods|dried-fruits|dried-mixed-fruits,Plant-based foods and beverages|Plant-based foods|Fruits and vegetables based foods|Fruits based foods|Dried products|Dried plant-based foods|Dried fruits|Dried mixed fruits,France,abricots en morceaux|abricots secs|farine de riz|figues en morceaux|figues séchées|farine de riz|amandes mondées mulberries,,a,1.0,dried-mixed-fruits,307.4,11.970000267028999,1.1100000143051,,,39.85,23.48,9.89,6.960000038147,0.0425,0.017
0002000006754,Cœur coulant au chocolat - au caramel-beurre salé,biscuits-and-cakes|cakes,Biscuits and cakes|Cakes,France,chocolat au lait|sucre|beurre de cacao|poudre de lait entier|pâte de cacao|émulsifiant|lécithine de soja|arôme naturel de vanille|beurre|oeufs entiers|farine de ble|sucre|creme|caramel|sucre|eau|chocolat noir|pâte de cacao|sucre|cacao maigre en poudre|émulsifiant|lécithine de soja|cacao en poudre|jaune d'oeufs|beurre demi sel|sirop de sucre inverti|lait écrémé en poudre|fécule|sel|gélifiant|pectine,en|en|en,e,4.0,cakes,457.0,29.0,18.0,,,41.0,32.0,2.6,6.6,0.28,0.11199999999999999
00020923301319003905,Merluza del cabo filletes,seafood|fishes|fish-fillets,Seafood|Fishes|Fish fillets,Spain,merluza|agua,,a,1.0,fish-fillets,74.0,0.5,0.2,,,0.05,0.05,0.05,17.6,0.3,0.12
00021456,Spaghetti à la Bolognaise,meals|pasta-dishes|bolognese-style-pasta-spaghetti-tagliatelle,Meals|Pasta dishes|Bolognese-style-pasta-spaghetti-tagliatelle,France,spaghetti cuits|boeuf haché|viande bovine|origine france|tomates pelées concassées|tomates pelées non épépinées|jus de tomate|sel|acidifiant|concentré de tomate|purée de tomates double concentrée|oignons|huile d'olive|ail|herbes de provence|romarin|basilic|thym|sel|poivre,,a,3.0,bolognese-style-pasta-spaghetti-tagliatelle,117.0,3.6,1.3,,,14.2,2.1,1.8,6.2,0.3,0.12
000227,Bijou Caramel ChocoLait,snacks|sweet-snacks|biscuits-and-cakes|cakes|pastries|chocolate-cakes|filled-cakes,Snacks|Sweet snacks|Biscuits and cakes|Cakes|Pastries|Chocolate cakes|Filled cakes,France,farine de blé|fourrage lait et caramel|sirop de glucosefructose|lait concentré sucré|stabilisant|glycérol|caramel|sel|arôme|gélifiant|pectines|conservateur|sorbate de potassium|huile de colza|oeufs frais|sucre|chocolat au lait|sucre|beurre de cacao|poudre de lait entier|pâte de cacao|émulsifiant|lécithines|soja|arôme|sirop de glucosefructose|stabilisant|glycérol|poudres à lever|carbonates d'ammonium carbonates de sodium diphosphates|blé|sel|émulsifiants|mono et diglycérides d|acides gras|lait écrémé en poudre|arôme|exprimés sur le fourrage équivalent respectivement à|sur l|ensemble du produit,en|en|en|en,e,4.0,filled-cakes,,20.0,5.0,,,57.0,37.0,1.0,5.3,0.7,0.28
00023092,4 Indulgent & Chewy Maple Syrup & Pecan Giant Cookies,snacks|sweet-snacks|biscuits-and-cakes|biscuits|cookies-aux-noix-de-pecan,Snacks|Sweet snacks|Biscuits and cakes|Biscuits|cookies-aux-noix-de-pecan,France,farine de blé contient gluten|avec farine de blé|calcium|fer|niacine|thiamine|sucre|noix de pécan|beurre|lait|huile de palme|huile de colza|sirop|sirop de sucre inverti|fructose|sucre roux|lait écrémé|maltodextrine|sirop de sucre|oeufs de poules en poudre|poudre à lever|bicarbonate de soude|sel,en|en|en|en,e,4.0,cookies-aux-noix-de-pecan,,26.8,7.6,,,54.2,29.4,1.9,6.0,0.37000000000000105,0.14800000000000002
00025157,Pizza Parlanno,frozen-foods|meals|pizzas-pies-and-quiches|pizzas|frozen-pizzas-and-pies|frozen-ready-made-meals|frozen-pizzas,Frozen foods|Meals|Pizzas pies and quiches|Pizzas|Frozen pizzas and pies|Frozen ready-made meals|Frozen pizzas,United States,cru wheat flour|water|olive oil|salt|yeast|malted flour|toppin tomato sauce|imported italian tomatoes|olive oil|basil|garlic|salt|pepper|low moisture mozzarella cheese|pasteurized whole milk|cheese cultures|salt|enzymes|cooked italian sausage|pork|water|salt|spices|dextrose|flavorings|garlic powder|paprika|uncured pepperoni with no nitrate or nitrate added|pork|salt|spices|water|dextrose|paprika|natural flavoring|dehydrated garlic|oleoresin paprika|lactic acid starter culture|roasted red peppers|roasted yellow peppers|roasted green peppers|roasted onions|romano cheese|pasteurized cow's milk|salt|enzymes|parmesan cheese|pasteurized cultured milk|enzymes|salt|parsley,en|en,d,4.0,frozen-pizzas,256.0,12.0,4.51,0.0,0.0226,25.6,3.76,0.752,9.77,1.22,0.489
0002544317101,POP TARTS FROSTED STRAWBERRY,tarta-de-trigo,tarta-de-trigo,Mexico,de trigo y soya,en|en,d,1.0,tarta-de-trigo,,9.62,3.85,,,71.2,32.7,1.92,3.85,0.83,0.332
00025751,Honey roast ham,meats|prepared-meats|hams|white-hams|honey-roast-ham,Meats|Prepared meats|Hams|White hams|Honey-roast-ham,United Kingdom,porc d|origine britannique|élaboré avec de porc cru pour de jambon rôti au miel|sucre|miel|sels de salaison|sel|conservate nitrite de sodium|sirop de sucre caramélisé,,c,3.0,honey-roast-ham,135.0,2.0,0.7,,,4.3,2.9,0.1,24.5,1.975,0.79
00027083,Made Without Wheat Blueberry Muffins,snacks|sweet-snacks|biscuits-and-cakes|cakes|muffins|fruit-muffins|blueberry-muffins,Snacks|Sweet snacks|Biscuits and cakes|Cakes|Muffins|Fruit Muffins|Blueberry Muffins,,oeufs de poules élevées en plein air pasteurisés sucre myrtilles|huile de colza|fécule de pomme de terre|eau fécule de maïs|épaississant|huile de palme|lactosérum en poudre|lait|poudre a lever|bicarbonate de soude|émulsifiant|arôme sirop de déshydraté|lait en poudre écrémé|stabilisant|gomme xanthane|sel,en|en,d,4.0,blueberry-muffins,362.0,19.9,2.5,,,42.3,21.3,1.2,2.8,0.8,0.32
00027137,Chocolate Fudge Cake,snacks|sweet-snacks|biscuits-and-cakes|cakes|chocolate-cakes,Snacks|Sweet snacks|Biscuits and cakes|Cakes|Chocolate cakes,France|United Kingdom,sucre|beurre|lait|oeufs de poules élevées en plein air pasteurisés farine de riz|cacao maigre en poudre|lait entier|humectant|glycérol|masse de cacao|sirop de sucre inverti|fécule de pomme de terre|butteroil|lait|amidon de tapioca|sirop de glucose déshydraté|stabilisant|gomme xanthane|beurre de cacao|sel|poudre à lever|bicarbonate de soude|lait en poudre écrémé|huile de palme|emulsifiant|lécithine de soja|huile de colza|matière grasse laitière|lait|lactose|lait,en|en|en,e,4.0,chocolate-cakes,413.0,20.0,12.4,,,53.1,41.9,2.0,4.1,0.55,0.22
00028202,Cornish Cruncher Cheddar & Pickled Onion Hand Cooked,plant-based-foods-and-beverages|plant-based-foods|snacks|cereals-and-potatoes|salty-snacks|appetizers|chips-and-fries|crisps|potato-crisps|flavoured-potato-crisps|cheese-and-onion-crisps|cheddar-and-onion-crisps,Plant-based foods and beverages|Plant-based foods|Snacks|Cereals and potatoes|Salty snacks|Appetizers|Chips and fries|Crisps|Potato crisps|Flavoured potato crisps|Cheese and onion crisps|Cheddar and onion crisps,France|United Kingdom,pommes de terre huile de tournesol lait déshydraté|lait|fromage cheddar mûr déshydraté|lait|sel oignons rouges séchés oignons séchés babeurre séché levure sèche extrait de levure séchée aromatisant aci acide citrique coule extrait de paprika ail séché,en,c,4.0,cheddar-and-onion-crisps,491.0,26.5,3.2,,,53.7,2.5,6.3,6.2,1.18,0.47200000000000003
0003004032145,Chinois Nature Décongelé,snacks|sweet-snacks|viennoiseries|brioches|brioche-filled-with-custard,Snacks|Sweet snacks|Viennoiseries|Brioches|Brioche filled with custard,France,farine de blé|garniture pâtissière|eau|sucre|oeufs entier|amidon modifié de pomme de terre amidon de maïs|poudre de lait entier|graisse de palme|poudre de lactosérum correcteurs d'acidité|émulsifiants|arômes sel|sirop de glucose épaississant|jus de betterave rouge déshydraté|extrait de carotte|glaçage|sucre|eau|sirop de glucose|émulsifiant|acidifiant|oeuf entier sucre|eau|levure huile et matières grasses végétales|palme|beurre|poudre de crème|poudre de crème|poudre de lait écrémé|poudre de lactosérum|sel iode|émulsifiants|correcteurs d'acidité|acidifiant|arôme,en|en|en,e,4.0,brioche-filled-with-custard,400.0,36.0,36.0,,,18.0,18.0,,20.0,3.0,1.2
00030182,Taste the Difference Blackcurrant Conserve,plant-based-foods-and-beverages|plant-based-foods|fruits-and-vegetables-based-foods|spreads|breakfasts|fruits-based-foods|plant-based-spreads|sweet-spreads|fruit-and-vegetable-preserves|jams|berry-jams|blackcurrant-jams|fruit-jams,Plant-based foods and beverages|Plant-based foods|Fruits and vegetables based foods|Spreads|Breakfasts|Fruits based foods|Plant-based spreads|Sweet spreads|Fruit and vegetable preserves|Jams|Berry jams|Blackcurrant jams|Fruit-jams,United Kingdom,sugar|blackcurrants|acidity regulator|sodium citrate|citric acid|gelling agent|pectin,,d,4.0,fruit-jams,255.0,1.0,0.5,,,59.7,55.3,2.3,0.5,0.3,0.12
00030977,Fromage blanc aux myrtilles,dairies|desserts|fermented-foods|fermented-milk-products|dairy-desserts|fromages-blancs,Dairies|Desserts|Fermented foods|Fermented milk products|Dairy desserts|Fromages blancs,France,fromage blanc|lait écrémé pasteurisé|creme pasteurisée|ferments lactiques|myrtilles,,a,3.0,fromages-blancs,64.9,2.3,1.4,,,5.3,5.3,0.8,5.6,0.1,0.04
00031103,Cheesecake,biscuits-and-cakes|cakes|cheesecakes,Biscuits and cakes|Cakes|Cheesecakes,France,fromage blanc|sucre|creme|oeuf entier|lait entier|farine de ble|mascarpone|huile de colza|graisse végétale de palme|amidon modifié|eau|lactoserum en poudre|amidon de ble|amidon de pomme de terre|sel|dextrose|poudres à lever|sirop de glucose|humectant émulsifiants|arôme|protéines de lait|stabilisant|épaississant|acidifiant,,e,4.0,cheesecakes,339.0,23.2,13.3,,,27.5,20.4,0.3,5.0,0.6,0.24
00031288,Tarte citron meringuée,pies|sweet-pies|tartlets|fruit-tarts|lemon-tarts|biscuit-with-fruit-covering,Pies|Sweet pies|Tartlets|Fruit tarts|Lemon tarts|Biscuit with fruit covering,France,eau|farine de ble|sucre|oeufs entiers|meringue en poudre|sucre|poudre de blanc d'oeuf|amidon modifié|acidifiant|acide citrique|arôme naturel|préparation à base de matière grasse végétale|huiles et graisses végétales de palme et colza|eau|émulsifiant|sucre|acidifiant|colorant|arômes|préparation pour creme patissiere|sucre|amidon modifié de pommes de terre|dextrose de ble|lactoserum|matière grasse végétale|matière grasse non hydrogénée de palme|sirop de glucosefructose de ble et de maïs|protéines de lait|poudre de lait entier|stabilisant|sel|arôme vanille|colorants|ii et extrait de carotte|beurre|jus de citron|acidifiant|blanc d'oeuf|acidifiant|stabilisant|poudres à lever|amidon de ble|arôme citron|sel|gélifiant|gomme de xanthane|colorant,,d,4.0,biscuit-with-fruit-covering,279.0,10.0,5.0,,,42.0,27.0,0.7,4.2,0.2,0.08
00031318,Salade de fruits exotiques,plant-based-foods-and-beverages|plant-based-foods|fruits-and-vegetables-based-foods|fruits-based-foods|fruit-salads,Plant-based foods and beverages|Plant-based foods|Fruits and vegetables based foods|Fruits based foods|Fruit salads,France,ananas|papayes|goyaves|bananes|eau|sucre|jus de fruit de la passion|acidifiant|acide citrique,,a,3.0,fruit-salads,74.0,0.2,0.1,,,17.4,16.0,1.4,0.6,0.1,0.04
00031394,Gâteau à la Carotte avec des Noix,snacks|sweet-snacks|biscuits-and-cakes|cakes|carrot-cakes,Snacks|Sweet snacks|Biscuits and cakes|Cakes|Carrot cakes,France|United Kingdom,farine de blé contient gluten|avec farine de blé|carbonate de calcium|fer|niacine|thiamine|sucre|carottes|oeufs de poules élevées en plein air pasteurisés|huile de colza|cassonade brune|raisins secs imbibés d'orange|raisins secs|jus d'orange concentré|sucre roux|spécialité fromagère|lait|beurre|lait|humectant|glycérol|ananas|noix de coco déshydratée|épices moulues|cannelle|noix de muscade|cannelle de chine|coriandre|carvi|gingembre|clous de girofle|golden syrup|sirop de sucre inverti|zeste d'orange|colorant|caramel ordinaire|poudre à lever|bicarbonate de soude|fécule de maïs|écorce d'orange|sel|stabilisant|gomme xanthane|écorce de citron,en|en|en|fr fromagère,d,4.0,carrot-cakes,387.0,18.0,5.3,,,50.3,35.0,2.4,4.5,0.38,0.152
00031561,Fromage blanc à la pêche,dairies|desserts|fermented-foods|fermented-milk-products|dairy-desserts|fromages-blancs,Dairies|Desserts|Fermented foods|Fermented milk products|Dairy desserts|Fromages blancs,France,fromage blanc|matière grasse|compote de pêches|pêche|sucre|sirop de glucosefructose|acide citrique|antioxydant|acide ascorbique,,a,4.0,fromages-blancs,76.9,2.1,1.3,,,9.3,8.9,0.7,4.9,0.1,0.04
00031858,Pur Soup' Velouté de légumes,plant-based-foods-and-beverages|plant-based-foods|fruits-and-vegetables-based-foods|meals|soups|cream-soups|vegetable-soups|cream-of-vegetable-soups,Plant-based foods and beverages|Plant-based foods|Fruits and vegetables based foods|Meals|Soups|Cream soups|Vegetable soups|Cream of vegetable soups,France,eau|légumes|jus de tomates à base de concentré|carotte|pomme de terre|oignon|poireau|potiron|céleri|petit pois|lait écrémé reconstitué|amidon transformé de maïs|huile de colza|sucre|beurre de cuisine|sel|arôme|vitamine a|bêtacarotène,,c,4.0,cream-of-vegetable-soups,,2.1,0.7,,,5.3,2.4,0.8,0.8,0.75,0.3
00032810,Tarte au chocolat,pies|sweet-pies|chocolate-pies,Pies|Sweet pies|Chocolate pies,France,creme fraiche|farine de ble|chocolat|pâte de cacao|sucre|émulsifiant|lécithine de soja|arôme|eau|sucre|oeuf frais entier|beurre|margarine|huiles et graisses végétales|palme|colza|eau|sel|émulsifiant|correcteur d'acidité|acide citrique|colorant|bétacarotène|copeaux de chocolat noir|sucre|masse de cacao|beurre de cacao|arôme naturel de vanille|lécithine de soja|sucre glace|fécule de pommes de terre|poudre de lait écrémé|émulsifiants|protéines de lait|agents de fermentation désactivés|dextrose|huile de colza|poudres à lever|amidon transformé de mais|épaississant|alginate de sodium|arôme|sel|fibre de ble,,d,4.0,chocolate-pies,361.0,20.0,12.0,,,38.0,24.0,1.9,5.5,0.1,0.04
00032858,Tarte aux framboises,pies|sweet-pies|tartlets|fruit-tarts|fruit-tartlets|biscuit-with-fruit-covering|raspberry-pies|raspberry-tartlets,Pies|Sweet pies|Tartlets|Fruit tarts|Fruit tartlets|Biscuit with fruit covering|Raspberry pies|Raspberry tartlets,France,framboises|farine de froment|agent de traitement de la farine|sucre|sirop de glucosefructose|eau|beurre|huile de palme|graisse de palme fractionnée|huile de colza|oeuf entier|poudre de petit lait enrichie en protéines|gélifiant|acidifia|correcteurs d'acidité|stabilisant|lactoserum en poudre|poudres à lever|sel|epaissisant,,c,4.0,raspberry-tartlets,238.0,8.6,5.1,,,35.8,21.7,3.3,2.6,0.1,0.04
00033046,British Beef Braising Steak,meats|beef,Meats|Beef,United Kingdom,beef braising steak,,a,,beef,,6.4,2.6,,,0.0,0.0,0.0,22.1,0.1778,0.07112
00035460,6 Breaded Jumbo Tiger Prawns,seafood|meals|breaded-products|refrigerated-foods|refrigerated-meals|crevettes-panees,Seafood|Meals|Breaded products|Refrigerated foods|Refrigerated meals|crevettes-panees,France|United Kingdom,crevettes tigrées|crustacés|farine de blé|contient gluten|huile de tournesol amidon de tapioca fécule de maïs huile de palme sel sucre levure déshydratée poudre à lever|bicarbonate de soude,en|en,c,3.0,crevettes-panees,252.0,13.3,2.4,,,22.5,1.2,,10.5,0.83,0.332
00036559,Joe's Diner Mac 'n Cheese,meals|microwave-meals,Meals|Microwave meals,United States,cooked elbow macaroni|water|enriched semolina|durum wheat|semolina|niacin|ferrous sulfate|thiamine mononitrate|riboflavin|folic acid|milk|cheddar cheese|pasteurized cow's milk|cheese culture|salt rennet|calcium chloride|imported gouda cheese|pasteurized cow's milk|cheese cultures|rennet|salts|carotene|color|imported swiss cheese|part skim cow's milk|cheese cultures|salt|enzymes|unbleached flour|unbleached wheat flour|niacin|reduced iron|thiamine mononitrate|riboflavin|folic acid|butter|pasteurized cream|salt|annatto|color|modified rice starch|salt|spices,en|en,b,4.0,microwave-meals,181.81818181818,7.5757575757576,4.040404040404001,0.0,0.04,21.212121212121,1.5151515151515,1.0,8.080808080808099,0.7449494949494999,0.2979797979798
00041500007007,Yellow Mustard,groceries|condiments|sauces|mustards,Groceries|Condiments|Sauces|Mustards,United States,distilled white vinegar|water|mustard seed|mustard bran|salt|turmeric|paprika,,c,3.0,mustards,0.0,0.0,0.0,0.0,0.0,0.0,0.0,0.0,0.0,3.3,1.32
00043366,"Salade à la Mexicaine au Maïs doux, Poivrons, Riz et Avocat",plant-based-foods-and-beverages|plant-based-foods|meals|salads|prepared-salads|plant-based-meals|refrigerated-foods|refrigerated-meals,Plant-based foods and beverages|Plant-based foods|Meals|Salads|Prepared salads|Plant-based meals|Refrigerated foods|Refrigerated meals,France,maïs doux|poivrons rouges|riz arborio cuit|eau|riz arborio|sauce au piment et au citron vert|haricots noirs|riz rouge cuit|riz rouge|eau|avocat|quinoa cuit|graines de quinoa|eau|tomates|coriandre|sauce au piment et citron vert contient eau|huile de tournesol infusée au piment jus de citron vert|sucre|huile de tournesol|concentré de tomate|sel|cumin moulu|paprika fumé moulu|cacao en poudre|poivre noir concassé|purée d'ail,,b,3.0,refrigerated-meals,140.0,5.2,0.7,,,18.8,3.2,2.8,3.1,0.55,0.22
00051248,Winter Berries & Prosecco Hand cooked crisps,plant-based-foods-and-beverages|plant-based-foods|snacks|cereals-and-potatoes|salty-snacks|appetizers|chips-and-fries|crisps|potato-crisps|flavoured-potato-crisps,Plant-based foods and beverages|Plant-based foods|Snacks|Cereals and potatoes|Salty snacks|Appetizers|Chips and fries|Crisps|Potato crisps|Flavoured potato crisps,France|United Kingdom,pommes de terre|huile de tournesol|sucre|acidifia acide malique|acide citrique|vin prosecco sec|bicarbonate de soude|farine de riz|sel de mer|jus de framboise déshydraté|jus de cassis déshydraté|étoiles dorées comestibles|stabilisant|humectant|colorant|curcumine|arômes,,d,4.0,flavoured-potato-crisps,524.0,30.0,3.0,,,54.1,3.0,,6.8,0.7,0.28
00062145,fat free milk,dairies|milks|skimmed-milks,Dairies|Milks|Skimmed milks,United States,fat free milk|vitamin a palmitate|vitamin,,a,1.0,skimmed-milks,37.5,0.0,0.0,,,5.0,4.58,0.0,3.33,0.10099999999999999,0.0402
00065252,4 Ultimate Buttermilk pancakes,pancakes,Pancakes,France,babeurre|lait|farine de blé contient gluten|avec farine de blé|carbonate de t calcium|fer|niacine|thiamine|oeuf pasteurisé|lait entier|huile de colza|humectant|glycérol|sucre|farine de blé fermenté déshydraté|contient gluten|poudre à lever|bicarbonate de soude,en|en,b,4.0,pancakes,251.0,7.7,0.9,,,37.4,9.5,2.0,6.9,0.67,0.268
